# threads, number of digits, elapsed time (seconds)
1,10000,81.25641761
2,10000,40.624695105
4,10000,20.308566683
6,10000,13.539012548
8,10000,10.152519061
12,10000,6.767044033
16,10000,5.07625362
24,10000,3.384407487
32,10000,2.53831836
48,10000,1.693243534
64,10000,1.271056341
96,10000,0.914890592
128,10000,0.920716893
192,10000,2.174112991
