Function,Rate (MB/s),Rate (MFlop/s),Avg time,Min time,Max time
Init,260192.1464795054,0.0,0.0037478567777777774,0.003689581,0.003834661
Copy,184169.07565253167,0.0,0.012292764444444444,0.010425203,0.02682657
Update,263315.1403599984,16457.1962724999,0.007370495888888888,0.007291643,0.007436722
Triad,185154.88559774653,15429.57379981221,0.015624052111111111,0.015554545,0.015661685
Daxpy,225187.4509601547,18765.620913346225,0.012835153222222222,0.012789345,0.012936664
STriad,194685.23504135487,12167.82719008468,0.027198322777777777,0.019724146,0.08666487
SDaxpy,212925.85239791384,13307.865774869615,0.018148684222222225,0.018034447,0.018563727
