Function,Rate (MB/s),Rate (MFlop/s),Avg time,Min time,Max time
Init,259803.5235852886,0.0,0.0037204007777777784,0.0036951,0.003755481
Copy,183226.00297627738,0.0,0.010502015333333335,0.010478862,0.010532282
Update,262794.0675881705,16424.629224260658,0.007396756888888888,0.007306101,0.007548921
Triad,185119.68148101916,15426.640123418263,0.015932927333333333,0.015557503,0.018382703
Daxpy,226481.98843007325,18873.49903583944,0.013026880333333333,0.012716243,0.015022423
STriad,197055.83192122815,12315.98949507676,0.019542468111111114,0.019486863,0.019686964
SDaxpy,215105.76901908912,13444.11056369307,0.017899256666666665,0.017851683,0.017975724
