# threads, N, FLOPS
1,8192,2.1502780523843784e10
2,8192,4.314867894846833e10
3,8192,6.4413409206773056e10
4,8192,8.580773433821558e10
6,8192,1.2773878562258847e11
8,8192,1.5557873774795535e11
12,8192,2.3247981103577716e11
16,8192,2.989863420491427e11
24,8192,4.5123236525555084e11
32,8192,5.89920282984219e11
48,8192,8.377281170880244e11
64,8192,1.0443378433877115e12
96,8192,1.360218667821146e12
128,8192,1.65962742939509e12
192,8192,1.718256107382198e12
