# threads, number of steps, elapsed time (seconds)
1,1000000000,2.5859621
2,1000000000,1.29337802
3,1000000000,0.86212882
4,1000000000,0.64696014
6,1000000000,0.43172142
8,1000000000,0.32366079
12,1000000000,0.270081925
16,1000000000,0.238169822
24,1000000000,0.159405275
32,1000000000,0.121259051
48,1000000000,0.080943487
64,1000000000,0.061230086
96,1000000000,0.042591124
128,1000000000,0.036236783
192,1000000000,0.027749683
