# threads, number of steps, elapsed time (seconds)
1,1000000000,2.584744067
2,1000000000,1.293381604
3,1000000000,1.094539189
4,1000000000,0.958962666
6,1000000000,0.63498043
8,1000000000,0.475272562
12,1000000000,0.321388936
16,1000000000,0.237936321
24,1000000000,0.161705988
32,1000000000,0.121410661
48,1000000000,0.083899075
64,1000000000,0.06171451
96,1000000000,0.041382048
128,1000000000,0.031600085
192,1000000000,0.021604204
