# threads, number of steps, elapsed time (seconds)
1,1000000000,2.584821527
2,1000000000,1.293664883
3,1000000000,0.86276995
4,1000000000,0.647063432
6,1000000000,0.431979894
8,1000000000,0.325555917
12,1000000000,0.215949017
16,1000000000,0.162402228
24,1000000000,0.108396439
32,1000000000,0.081423354
48,1000000000,0.05452491
64,1000000000,0.041007547
96,1000000000,0.027482044
