# threads, number of steps, elapsed time (seconds)
1,1000000000,2.584725403
2,1000000000,1.293129972
3,1000000000,0.862702902
4,1000000000,0.647153446
6,1000000000,0.431447631
8,1000000000,0.406958886
12,1000000000,0.273768285
16,1000000000,0.2406853
24,1000000000,0.159687706
32,1000000000,0.1216397
48,1000000000,0.081208493
64,1000000000,0.06182081
96,1000000000,0.041356286
128,1000000000,0.031262225
192,1000000000,0.021868244
