# threads, number of steps, elapsed time (seconds)
1,1000000000,2.5868114
2,2000000000,2.58628264
3,3000000000,2.58587238
4,4000000000,2.58540464
6,6000000000,3.790949651
8,8000000000,3.794821913
12,12000000000,3.787538391
16,16000000000,3.791886652
24,24000000000,3.796418932
32,32000000000,3.797374732
48,48000000000,3.797215453
64,64000000000,3.805611933
96,96000000000,3.803172273
128,128000000000,3.807204533
192,192000000000,3.906108623
