# threads, number of steps, elapsed time (seconds)
1,1000000000,2.586447744
2,2000000000,2.586255584
3,3000000000,2.585780004
4,4000000000,2.586556944
6,6000000000,2.586176864
8,8000000000,3.786323701
12,12000000000,3.797026982
16,16000000000,3.784067841
24,24000000000,3.798142263
32,32000000000,3.794208842
48,48000000000,3.804263683
64,64000000000,3.802248504
96,96000000000,3.802426343
128,128000000000,3.801005723
192,192000000000,3.851438872
