# threads, number of steps, elapsed time (seconds)
1,1000000000,2.585479707
2,2000000000,2.586659867
3,3000000000,3.267840426
4,4000000000,3.794560756
6,6000000000,3.789474856
8,8000000000,3.795375377
12,12000000000,3.801762617
16,16000000000,3.796227577
24,24000000000,3.795837957
32,32000000000,3.800913017
48,48000000000,3.804333359
64,64000000000,3.812259119
96,96000000000,3.81527176
128,128000000000,3.809901559
192,192000000000,3.81242614
