# threads, number of steps, elapsed time (seconds)
1,1000000000,2.586108121
2,2000000000,2.5867208
3,3000000000,2.588812342
4,4000000000,2.58630724
6,6000000000,2.586801181
8,8000000000,2.587095481
12,12000000000,2.589860541
16,16000000000,2.587694321
24,24000000000,2.588084461
32,32000000000,2.588287381
48,48000000000,2.591012881
64,64000000000,2.590021142
96,96000000000,2.589520541
